{
    "Player": {
        "HammerScale": [
            0.20000000298023224,
            0.4000000059604645,
            0.23100000619888306
        ],
        "Test": 90.0,
        "Translation": [
            10.0,
            2.4000000953674316,
            3.0769999027252197
        ]
    }
}
