{
    "Player": {
        "DashCoolTime": 83.4000015258789,
        "DashSpeed": 1.2000000476837158,
        "HammerPos": [
            0.0,
            0.800000011920929,
            0.0
        ],
        "HammerScale": [
            0.20000000298023224,
            0.4000000059604645,
            0.23100000619888306
        ]
    }
}
