{
    "view": {
        "Rotate": [
            0.5,
            0.0,
            0.0
        ],
        "transration": [
            38.29999923706055,
            36.099998474121094,
            -58.79999923706055
        ]
    }
}
