{
    "view": {
        "Rotate": [
            0.20000000298023224,
            0.0,
            0.0
        ],
        "transration": [
            -4.199999809265137,
            15.100000381469727,
            -53.400001525878906
        ]
    }
}
